,image_id,chip_id,flood_id,polarization,location,scene_start
0,awc00_vh,awc00,awc,vh,Bolivia,2018-02-15
1,awc00_vv,awc00,awc,vv,Bolivia,2018-02-15
2,awc01_vh,awc01,awc,vh,Bolivia,2018-02-15
3,awc01_vv,awc01,awc,vv,Bolivia,2018-02-15
4,awc02_vh,awc02,awc,vh,Bolivia,2018-02-15
5,awc02_vv,awc02,awc,vv,Bolivia,2018-02-15
6,awc03_vh,awc03,awc,vh,Bolivia,2018-02-15
7,awc03_vv,awc03,awc,vv,Bolivia,2018-02-15
8,awc04_vh,awc04,awc,vh,Bolivia,2018-02-15
9,awc04_vv,awc04,awc,vv,Bolivia,2018-02-15
10,awc05_vh,awc05,awc,vh,Bolivia,2018-02-15
11,awc05_vv,awc05,awc,vv,Bolivia,2018-02-15
12,awc06_vh,awc06,awc,vh,Bolivia,2018-02-15
13,awc06_vv,awc06,awc,vv,Bolivia,2018-02-15
14,awc07_vh,awc07,awc,vh,Bolivia,2018-02-15
15,awc07_vv,awc07,awc,vv,Bolivia,2018-02-15
16,awc08_vh,awc08,awc,vh,Bolivia,2018-02-15
17,awc08_vv,awc08,awc,vv,Bolivia,2018-02-15
18,awc09_vh,awc09,awc,vh,Bolivia,2018-02-15
19,awc09_vv,awc09,awc,vv,Bolivia,2018-02-15
20,awc10_vh,awc10,awc,vh,Bolivia,2018-02-15
21,awc10_vv,awc10,awc,vv,Bolivia,2018-02-15
22,awc11_vh,awc11,awc,vh,Bolivia,2018-02-15
23,awc11_vv,awc11,awc,vv,Bolivia,2018-02-15
24,awc12_vh,awc12,awc,vh,Bolivia,2018-02-15
25,awc12_vv,awc12,awc,vv,Bolivia,2018-02-15
26,awc13_vh,awc13,awc,vh,Bolivia,2018-02-15
27,awc13_vv,awc13,awc,vv,Bolivia,2018-02-15
28,awc14_vh,awc14,awc,vh,Bolivia,2018-02-15
29,awc14_vv,awc14,awc,vv,Bolivia,2018-02-15
30,ayt00_vh,ayt00,ayt,vh,Nigeria,2018-09-21
31,ayt00_vv,ayt00,ayt,vv,Nigeria,2018-09-21
32,ayt01_vh,ayt01,ayt,vh,Nigeria,2018-09-21
33,ayt01_vv,ayt01,ayt,vv,Nigeria,2018-09-21
34,ayt02_vh,ayt02,ayt,vh,Nigeria,2018-09-21
35,ayt02_vv,ayt02,ayt,vv,Nigeria,2018-09-21
36,ayt03_vh,ayt03,ayt,vh,Nigeria,2018-09-21
37,ayt03_vv,ayt03,ayt,vv,Nigeria,2018-09-21
38,ayt04_vh,ayt04,ayt,vh,Nigeria,2018-09-21
39,ayt04_vv,ayt04,ayt,vv,Nigeria,2018-09-21
40,ayt05_vh,ayt05,ayt,vh,Nigeria,2018-09-21
41,ayt05_vv,ayt05,ayt,vv,Nigeria,2018-09-21
42,ayt06_vh,ayt06,ayt,vh,Nigeria,2018-09-21
43,ayt06_vv,ayt06,ayt,vv,Nigeria,2018-09-21
44,ayt07_vh,ayt07,ayt,vh,Nigeria,2018-09-21
45,ayt07_vv,ayt07,ayt,vv,Nigeria,2018-09-21
46,ayt08_vh,ayt08,ayt,vh,Nigeria,2018-09-21
47,ayt08_vv,ayt08,ayt,vv,Nigeria,2018-09-21
48,ayt09_vh,ayt09,ayt,vh,Nigeria,2018-09-21
49,ayt09_vv,ayt09,ayt,vv,Nigeria,2018-09-21
50,ayt10_vh,ayt10,ayt,vh,Nigeria,2018-09-21
51,ayt10_vv,ayt10,ayt,vv,Nigeria,2018-09-21
52,ayt11_vh,ayt11,ayt,vh,Nigeria,2018-09-21
53,ayt11_vv,ayt11,ayt,vv,Nigeria,2018-09-21
54,ayt12_vh,ayt12,ayt,vh,Nigeria,2018-09-21
55,ayt12_vv,ayt12,ayt,vv,Nigeria,2018-09-21
56,ayt13_vh,ayt13,ayt,vh,Nigeria,2018-09-21
57,ayt13_vv,ayt13,ayt,vv,Nigeria,2018-09-21
58,ayt14_vh,ayt14,ayt,vh,Nigeria,2018-09-21
59,ayt14_vv,ayt14,ayt,vv,Nigeria,2018-09-21
60,ayt15_vh,ayt15,ayt,vh,Nigeria,2018-09-21
61,ayt15_vv,ayt15,ayt,vv,Nigeria,2018-09-21
62,ayt16_vh,ayt16,ayt,vh,Nigeria,2018-09-21
63,ayt16_vv,ayt16,ayt,vv,Nigeria,2018-09-21
64,ayt17_vh,ayt17,ayt,vh,Nigeria,2018-09-21
65,ayt17_vv,ayt17,ayt,vv,Nigeria,2018-09-21
66,coz00_vh,coz00,coz,vh,Pakistan,2017-06-28
67,coz00_vv,coz00,coz,vv,Pakistan,2017-06-28
68,coz01_vh,coz01,coz,vh,Pakistan,2017-06-28
69,coz01_vv,coz01,coz,vv,Pakistan,2017-06-28
70,coz02_vh,coz02,coz,vh,Pakistan,2017-06-28
71,coz02_vv,coz02,coz,vv,Pakistan,2017-06-28
72,coz03_vh,coz03,coz,vh,Pakistan,2017-06-28
73,coz03_vv,coz03,coz,vv,Pakistan,2017-06-28
74,coz04_vh,coz04,coz,vh,Pakistan,2017-06-28
75,coz04_vv,coz04,coz,vv,Pakistan,2017-06-28
76,coz05_vh,coz05,coz,vh,Pakistan,2017-06-28
77,coz05_vv,coz05,coz,vv,Pakistan,2017-06-28
78,coz06_vh,coz06,coz,vh,Pakistan,2017-06-28
79,coz06_vv,coz06,coz,vv,Pakistan,2017-06-28
80,coz07_vh,coz07,coz,vh,Pakistan,2017-06-28
81,coz07_vv,coz07,coz,vv,Pakistan,2017-06-28
82,coz08_vh,coz08,coz,vh,Pakistan,2017-06-28
83,coz08_vv,coz08,coz,vv,Pakistan,2017-06-28
84,coz09_vh,coz09,coz,vh,Pakistan,2017-06-28
85,coz09_vv,coz09,coz,vv,Pakistan,2017-06-28
86,coz10_vh,coz10,coz,vh,Pakistan,2017-06-28
87,coz10_vv,coz10,coz,vv,Pakistan,2017-06-28
88,coz11_vh,coz11,coz,vh,Pakistan,2017-06-28
89,coz11_vv,coz11,coz,vv,Pakistan,2017-06-28
90,coz12_vh,coz12,coz,vh,Pakistan,2017-06-28
91,coz12_vv,coz12,coz,vv,Pakistan,2017-06-28
92,coz13_vh,coz13,coz,vh,Pakistan,2017-06-28
93,coz13_vv,coz13,coz,vv,Pakistan,2017-06-28
94,coz14_vh,coz14,coz,vh,Pakistan,2017-06-28
95,coz14_vv,coz14,coz,vv,Pakistan,2017-06-28
96,coz15_vh,coz15,coz,vh,Pakistan,2017-06-28
97,coz15_vv,coz15,coz,vv,Pakistan,2017-06-28
98,coz16_vh,coz16,coz,vh,Pakistan,2017-06-28
99,coz16_vv,coz16,coz,vv,Pakistan,2017-06-28
100,coz17_vh,coz17,coz,vh,Pakistan,2017-06-28
101,coz17_vv,coz17,coz,vv,Pakistan,2017-06-28
102,coz18_vh,coz18,coz,vh,Pakistan,2017-06-28
103,coz18_vv,coz18,coz,vv,Pakistan,2017-06-28
104,coz19_vh,coz19,coz,vh,Pakistan,2017-06-28
105,coz19_vv,coz19,coz,vv,Pakistan,2017-06-28
106,coz20_vh,coz20,coz,vh,Pakistan,2017-06-28
107,coz20_vv,coz20,coz,vv,Pakistan,2017-06-28
108,coz21_vh,coz21,coz,vh,Pakistan,2017-06-28
109,coz21_vv,coz21,coz,vv,Pakistan,2017-06-28
110,coz22_vh,coz22,coz,vh,Pakistan,2017-06-28
111,coz22_vv,coz22,coz,vv,Pakistan,2017-06-28
112,coz23_vh,coz23,coz,vh,Pakistan,2017-06-28
113,coz23_vv,coz23,coz,vv,Pakistan,2017-06-28
114,coz24_vh,coz24,coz,vh,Pakistan,2017-06-28
115,coz24_vv,coz24,coz,vv,Pakistan,2017-06-28
116,coz25_vh,coz25,coz,vh,Pakistan,2017-06-28
117,coz25_vv,coz25,coz,vv,Pakistan,2017-06-28
118,coz26_vh,coz26,coz,vh,Pakistan,2017-06-28
119,coz26_vv,coz26,coz,vv,Pakistan,2017-06-28
120,coz27_vh,coz27,coz,vh,Pakistan,2017-06-28
121,coz27_vv,coz27,coz,vv,Pakistan,2017-06-28
122,hbe00_vh,hbe00,hbe,vh,USA,2019-05-22
123,hbe00_vv,hbe00,hbe,vv,USA,2019-05-22
124,hbe01_vh,hbe01,hbe,vh,USA,2019-05-22
125,hbe01_vv,hbe01,hbe,vv,USA,2019-05-22
126,hbe02_vh,hbe02,hbe,vh,USA,2019-05-22
127,hbe02_vv,hbe02,hbe,vv,USA,2019-05-22
128,hbe03_vh,hbe03,hbe,vh,USA,2019-05-22
129,hbe03_vv,hbe03,hbe,vv,USA,2019-05-22
130,hbe04_vh,hbe04,hbe,vh,USA,2019-05-22
131,hbe04_vv,hbe04,hbe,vv,USA,2019-05-22
132,hbe05_vh,hbe05,hbe,vh,USA,2019-05-22
133,hbe05_vv,hbe05,hbe,vv,USA,2019-05-22
134,hbe06_vh,hbe06,hbe,vh,USA,2019-05-22
135,hbe06_vv,hbe06,hbe,vv,USA,2019-05-22
136,hbe07_vh,hbe07,hbe,vh,USA,2019-05-22
137,hbe07_vv,hbe07,hbe,vv,USA,2019-05-22
138,hbe08_vh,hbe08,hbe,vh,USA,2019-05-22
139,hbe08_vv,hbe08,hbe,vv,USA,2019-05-22
140,hbe09_vh,hbe09,hbe,vh,USA,2019-05-22
141,hbe09_vv,hbe09,hbe,vv,USA,2019-05-22
142,hbe10_vh,hbe10,hbe,vh,USA,2019-05-22
143,hbe10_vv,hbe10,hbe,vv,USA,2019-05-22
144,hbe11_vh,hbe11,hbe,vh,USA,2019-05-22
145,hbe11_vv,hbe11,hbe,vv,USA,2019-05-22
146,hbe12_vh,hbe12,hbe,vh,USA,2019-05-22
147,hbe12_vv,hbe12,hbe,vv,USA,2019-05-22
148,hbe13_vh,hbe13,hbe,vh,USA,2019-05-22
149,hbe13_vv,hbe13,hbe,vv,USA,2019-05-22
150,hbe14_vh,hbe14,hbe,vh,USA,2019-05-22
151,hbe14_vv,hbe14,hbe,vv,USA,2019-05-22
152,hbe15_vh,hbe15,hbe,vh,USA,2019-05-22
153,hbe15_vv,hbe15,hbe,vv,USA,2019-05-22
154,hbe16_vh,hbe16,hbe,vh,USA,2019-05-22
155,hbe16_vv,hbe16,hbe,vv,USA,2019-05-22
156,hbe17_vh,hbe17,hbe,vh,USA,2019-05-22
157,hbe17_vv,hbe17,hbe,vv,USA,2019-05-22
158,hbe18_vh,hbe18,hbe,vh,USA,2019-05-22
159,hbe18_vv,hbe18,hbe,vv,USA,2019-05-22
160,hbe19_vh,hbe19,hbe,vh,USA,2019-05-22
161,hbe19_vv,hbe19,hbe,vv,USA,2019-05-22
162,hbe20_vh,hbe20,hbe,vh,USA,2019-05-22
163,hbe20_vv,hbe20,hbe,vv,USA,2019-05-22
164,hbe21_vh,hbe21,hbe,vh,USA,2019-05-22
165,hbe21_vv,hbe21,hbe,vv,USA,2019-05-22
166,hbe22_vh,hbe22,hbe,vh,USA,2019-05-22
167,hbe22_vv,hbe22,hbe,vv,USA,2019-05-22
168,hbe23_vh,hbe23,hbe,vh,USA,2019-05-22
169,hbe23_vv,hbe23,hbe,vv,USA,2019-05-22
170,hbe24_vh,hbe24,hbe,vh,USA,2019-05-22
171,hbe24_vv,hbe24,hbe,vv,USA,2019-05-22
172,hbe25_vh,hbe25,hbe,vh,USA,2019-05-22
173,hbe25_vv,hbe25,hbe,vv,USA,2019-05-22
174,hbe26_vh,hbe26,hbe,vh,USA,2019-05-22
175,hbe26_vv,hbe26,hbe,vv,USA,2019-05-22
176,hbe27_vh,hbe27,hbe,vh,USA,2019-05-22
177,hbe27_vv,hbe27,hbe,vv,USA,2019-05-22
178,hbe28_vh,hbe28,hbe,vh,USA,2019-05-22
179,hbe28_vv,hbe28,hbe,vv,USA,2019-05-22
180,hbe29_vh,hbe29,hbe,vh,USA,2019-05-22
181,hbe29_vv,hbe29,hbe,vv,USA,2019-05-22
182,hbe30_vh,hbe30,hbe,vh,USA,2019-05-22
183,hbe30_vv,hbe30,hbe,vv,USA,2019-05-22
184,hbe31_vh,hbe31,hbe,vh,USA,2019-05-22
185,hbe31_vv,hbe31,hbe,vv,USA,2019-05-22
186,hbe32_vh,hbe32,hbe,vh,USA,2019-05-22
187,hbe32_vv,hbe32,hbe,vv,USA,2019-05-22
188,hbe33_vh,hbe33,hbe,vh,USA,2019-05-22
189,hbe33_vv,hbe33,hbe,vv,USA,2019-05-22
190,hbe34_vh,hbe34,hbe,vh,USA,2019-05-22
191,hbe34_vv,hbe34,hbe,vv,USA,2019-05-22
192,hbe35_vh,hbe35,hbe,vh,USA,2019-05-22
193,hbe35_vv,hbe35,hbe,vv,USA,2019-05-22
194,hbe36_vh,hbe36,hbe,vh,USA,2019-05-22
195,hbe36_vv,hbe36,hbe,vv,USA,2019-05-22
196,hbe37_vh,hbe37,hbe,vh,USA,2019-05-22
197,hbe37_vv,hbe37,hbe,vv,USA,2019-05-22
198,hbe38_vh,hbe38,hbe,vh,USA,2019-05-22
199,hbe38_vv,hbe38,hbe,vv,USA,2019-05-22
200,hbe39_vh,hbe39,hbe,vh,USA,2019-05-22
201,hbe39_vv,hbe39,hbe,vv,USA,2019-05-22
202,hbe40_vh,hbe40,hbe,vh,USA,2019-05-22
203,hbe40_vv,hbe40,hbe,vv,USA,2019-05-22
204,hbe41_vh,hbe41,hbe,vh,USA,2019-05-22
205,hbe41_vv,hbe41,hbe,vv,USA,2019-05-22
206,hbe42_vh,hbe42,hbe,vh,USA,2019-05-22
207,hbe42_vv,hbe42,hbe,vv,USA,2019-05-22
208,hbe43_vh,hbe43,hbe,vh,USA,2019-05-22
209,hbe43_vv,hbe43,hbe,vv,USA,2019-05-22
210,hbe44_vh,hbe44,hbe,vh,USA,2019-05-22
211,hbe44_vv,hbe44,hbe,vv,USA,2019-05-22
212,hbe45_vh,hbe45,hbe,vh,USA,2019-05-22
213,hbe45_vv,hbe45,hbe,vv,USA,2019-05-22
214,hbe46_vh,hbe46,hbe,vh,USA,2019-05-22
215,hbe46_vv,hbe46,hbe,vv,USA,2019-05-22
216,hbe47_vh,hbe47,hbe,vh,USA,2019-05-22
217,hbe47_vv,hbe47,hbe,vv,USA,2019-05-22
218,hbe48_vh,hbe48,hbe,vh,USA,2019-05-22
219,hbe48_vv,hbe48,hbe,vv,USA,2019-05-22
220,hbe49_vh,hbe49,hbe,vh,USA,2019-05-22
221,hbe49_vv,hbe49,hbe,vv,USA,2019-05-22
222,hbe50_vh,hbe50,hbe,vh,USA,2019-05-22
223,hbe50_vv,hbe50,hbe,vv,USA,2019-05-22
224,hbe51_vh,hbe51,hbe,vh,USA,2019-05-22
225,hbe51_vv,hbe51,hbe,vv,USA,2019-05-22
226,hbe52_vh,hbe52,hbe,vh,USA,2019-05-22
227,hbe52_vv,hbe52,hbe,vv,USA,2019-05-22
228,hbe53_vh,hbe53,hbe,vh,USA,2019-05-22
229,hbe53_vv,hbe53,hbe,vv,USA,2019-05-22
230,hbe54_vh,hbe54,hbe,vh,USA,2019-05-22
231,hbe54_vv,hbe54,hbe,vv,USA,2019-05-22
232,hbe55_vh,hbe55,hbe,vh,USA,2019-05-22
233,hbe55_vv,hbe55,hbe,vv,USA,2019-05-22
234,hbe56_vh,hbe56,hbe,vh,USA,2019-05-22
235,hbe56_vv,hbe56,hbe,vv,USA,2019-05-22
236,hbe57_vh,hbe57,hbe,vh,USA,2019-05-22
237,hbe57_vv,hbe57,hbe,vv,USA,2019-05-22
238,hbe58_vh,hbe58,hbe,vh,USA,2019-05-22
239,hbe58_vv,hbe58,hbe,vv,USA,2019-05-22
240,hbe59_vh,hbe59,hbe,vh,USA,2019-05-22
241,hbe59_vv,hbe59,hbe,vv,USA,2019-05-22
242,hbe60_vh,hbe60,hbe,vh,USA,2019-05-22
243,hbe60_vv,hbe60,hbe,vv,USA,2019-05-22
244,hbe61_vh,hbe61,hbe,vh,USA,2019-05-22
245,hbe61_vv,hbe61,hbe,vv,USA,2019-05-22
246,hbe62_vh,hbe62,hbe,vh,USA,2019-05-22
247,hbe62_vv,hbe62,hbe,vv,USA,2019-05-22
248,hbe63_vh,hbe63,hbe,vh,USA,2019-05-22
249,hbe63_vv,hbe63,hbe,vv,USA,2019-05-22
250,hbe64_vh,hbe64,hbe,vh,USA,2019-05-22
251,hbe64_vv,hbe64,hbe,vv,USA,2019-05-22
252,hbe65_vh,hbe65,hbe,vh,USA,2019-05-22
253,hbe65_vv,hbe65,hbe,vv,USA,2019-05-22
254,hbe66_vh,hbe66,hbe,vh,USA,2019-05-22
255,hbe66_vv,hbe66,hbe,vv,USA,2019-05-22
256,hbe67_vh,hbe67,hbe,vh,USA,2019-05-22
257,hbe67_vv,hbe67,hbe,vv,USA,2019-05-22
258,hbe68_vh,hbe68,hbe,vh,USA,2019-05-22
259,hbe68_vv,hbe68,hbe,vv,USA,2019-05-22
260,hxu00_vh,hxu00,hxu,vh,Somalia,2018-05-07
261,hxu00_vv,hxu00,hxu,vv,Somalia,2018-05-07
262,hxu01_vh,hxu01,hxu,vh,Somalia,2018-05-07
263,hxu01_vv,hxu01,hxu,vv,Somalia,2018-05-07
264,hxu02_vh,hxu02,hxu,vh,Somalia,2018-05-07
265,hxu02_vv,hxu02,hxu,vv,Somalia,2018-05-07
266,hxu03_vh,hxu03,hxu,vh,Somalia,2018-05-07
267,hxu03_vv,hxu03,hxu,vv,Somalia,2018-05-07
268,hxu04_vh,hxu04,hxu,vh,Somalia,2018-05-07
269,hxu04_vv,hxu04,hxu,vv,Somalia,2018-05-07
270,hxu05_vh,hxu05,hxu,vh,Somalia,2018-05-07
271,hxu05_vv,hxu05,hxu,vv,Somalia,2018-05-07
272,hxu06_vh,hxu06,hxu,vh,Somalia,2018-05-07
273,hxu06_vv,hxu06,hxu,vv,Somalia,2018-05-07
274,hxu07_vh,hxu07,hxu,vh,Somalia,2018-05-07
275,hxu07_vv,hxu07,hxu,vv,Somalia,2018-05-07
276,hxu08_vh,hxu08,hxu,vh,Somalia,2018-05-07
277,hxu08_vv,hxu08,hxu,vv,Somalia,2018-05-07
278,hxu09_vh,hxu09,hxu,vh,Somalia,2018-05-07
279,hxu09_vv,hxu09,hxu,vv,Somalia,2018-05-07
280,hxu10_vh,hxu10,hxu,vh,Somalia,2018-05-07
281,hxu10_vv,hxu10,hxu,vv,Somalia,2018-05-07
282,hxu11_vh,hxu11,hxu,vh,Somalia,2018-05-07
283,hxu11_vv,hxu11,hxu,vv,Somalia,2018-05-07
284,hxu12_vh,hxu12,hxu,vh,Somalia,2018-05-07
285,hxu12_vv,hxu12,hxu,vv,Somalia,2018-05-07
286,hxu13_vh,hxu13,hxu,vh,Somalia,2018-05-07
287,hxu13_vv,hxu13,hxu,vv,Somalia,2018-05-07
288,hxu14_vh,hxu14,hxu,vh,Somalia,2018-05-07
289,hxu14_vv,hxu14,hxu,vv,Somalia,2018-05-07
290,hxu15_vh,hxu15,hxu,vh,Somalia,2018-05-07
291,hxu15_vv,hxu15,hxu,vv,Somalia,2018-05-07
292,hxu16_vh,hxu16,hxu,vh,Somalia,2018-05-07
293,hxu16_vv,hxu16,hxu,vv,Somalia,2018-05-07
294,hxu17_vh,hxu17,hxu,vh,Somalia,2018-05-07
295,hxu17_vv,hxu17,hxu,vv,Somalia,2018-05-07
296,hxu18_vh,hxu18,hxu,vh,Somalia,2018-05-07
297,hxu18_vv,hxu18,hxu,vv,Somalia,2018-05-07
298,hxu19_vh,hxu19,hxu,vh,Somalia,2018-05-07
299,hxu19_vv,hxu19,hxu,vv,Somalia,2018-05-07
300,hxu20_vh,hxu20,hxu,vh,Somalia,2018-05-07
301,hxu20_vv,hxu20,hxu,vv,Somalia,2018-05-07
302,hxu21_vh,hxu21,hxu,vh,Somalia,2018-05-07
303,hxu21_vv,hxu21,hxu,vv,Somalia,2018-05-07
304,hxu22_vh,hxu22,hxu,vh,Somalia,2018-05-07
305,hxu22_vv,hxu22,hxu,vv,Somalia,2018-05-07
306,hxu23_vh,hxu23,hxu,vh,Somalia,2018-05-07
307,hxu23_vv,hxu23,hxu,vv,Somalia,2018-05-07
308,hxu24_vh,hxu24,hxu,vh,Somalia,2018-05-07
309,hxu24_vv,hxu24,hxu,vv,Somalia,2018-05-07
310,hxu25_vh,hxu25,hxu,vh,Somalia,2018-05-07
311,hxu25_vv,hxu25,hxu,vv,Somalia,2018-05-07
312,jja00_vh,jja00,jja,vh,Paraguay,2018-10-31
313,jja00_vv,jja00,jja,vv,Paraguay,2018-10-31
314,jja01_vh,jja01,jja,vh,Paraguay,2018-10-31
315,jja01_vv,jja01,jja,vv,Paraguay,2018-10-31
316,jja02_vh,jja02,jja,vh,Paraguay,2018-10-31
317,jja02_vv,jja02,jja,vv,Paraguay,2018-10-31
318,jja03_vh,jja03,jja,vh,Paraguay,2018-10-31
319,jja03_vv,jja03,jja,vv,Paraguay,2018-10-31
320,jja04_vh,jja04,jja,vh,Paraguay,2018-10-31
321,jja04_vv,jja04,jja,vv,Paraguay,2018-10-31
322,jja05_vh,jja05,jja,vh,Paraguay,2018-10-31
323,jja05_vv,jja05,jja,vv,Paraguay,2018-10-31
324,jja06_vh,jja06,jja,vh,Paraguay,2018-10-31
325,jja06_vv,jja06,jja,vv,Paraguay,2018-10-31
326,jja07_vh,jja07,jja,vh,Paraguay,2018-10-31
327,jja07_vv,jja07,jja,vv,Paraguay,2018-10-31
328,jja08_vh,jja08,jja,vh,Paraguay,2018-10-31
329,jja08_vv,jja08,jja,vv,Paraguay,2018-10-31
330,jja09_vh,jja09,jja,vh,Paraguay,2018-10-31
331,jja09_vv,jja09,jja,vv,Paraguay,2018-10-31
332,jja10_vh,jja10,jja,vh,Paraguay,2018-10-31
333,jja10_vv,jja10,jja,vv,Paraguay,2018-10-31
334,jja11_vh,jja11,jja,vh,Paraguay,2018-10-31
335,jja11_vv,jja11,jja,vv,Paraguay,2018-10-31
336,jja12_vh,jja12,jja,vh,Paraguay,2018-10-31
337,jja12_vv,jja12,jja,vv,Paraguay,2018-10-31
338,jja13_vh,jja13,jja,vh,Paraguay,2018-10-31
339,jja13_vv,jja13,jja,vv,Paraguay,2018-10-31
340,jja14_vh,jja14,jja,vh,Paraguay,2018-10-31
341,jja14_vv,jja14,jja,vv,Paraguay,2018-10-31
342,jja15_vh,jja15,jja,vh,Paraguay,2018-10-31
343,jja15_vv,jja15,jja,vv,Paraguay,2018-10-31
344,jja16_vh,jja16,jja,vh,Paraguay,2018-10-31
345,jja16_vv,jja16,jja,vv,Paraguay,2018-10-31
346,jja17_vh,jja17,jja,vh,Paraguay,2018-10-31
347,jja17_vv,jja17,jja,vv,Paraguay,2018-10-31
348,jja18_vh,jja18,jja,vh,Paraguay,2018-10-31
349,jja18_vv,jja18,jja,vv,Paraguay,2018-10-31
350,jja19_vh,jja19,jja,vh,Paraguay,2018-10-31
351,jja19_vv,jja19,jja,vv,Paraguay,2018-10-31
352,jja20_vh,jja20,jja,vh,Paraguay,2018-10-31
353,jja20_vv,jja20,jja,vv,Paraguay,2018-10-31
354,jja21_vh,jja21,jja,vh,Paraguay,2018-10-31
355,jja21_vv,jja21,jja,vv,Paraguay,2018-10-31
356,jja22_vh,jja22,jja,vh,Paraguay,2018-10-31
357,jja22_vv,jja22,jja,vv,Paraguay,2018-10-31
358,jja23_vh,jja23,jja,vh,Paraguay,2018-10-31
359,jja23_vv,jja23,jja,vv,Paraguay,2018-10-31
360,jja24_vh,jja24,jja,vh,Paraguay,2018-10-31
361,jja24_vv,jja24,jja,vv,Paraguay,2018-10-31
362,jja25_vh,jja25,jja,vh,Paraguay,2018-10-31
363,jja25_vv,jja25,jja,vv,Paraguay,2018-10-31
364,jja26_vh,jja26,jja,vh,Paraguay,2018-10-31
365,jja26_vv,jja26,jja,vv,Paraguay,2018-10-31
366,jja27_vh,jja27,jja,vh,Paraguay,2018-10-31
367,jja27_vv,jja27,jja,vv,Paraguay,2018-10-31
368,jja28_vh,jja28,jja,vh,Paraguay,2018-10-31
369,jja28_vv,jja28,jja,vv,Paraguay,2018-10-31
370,jja29_vh,jja29,jja,vh,Paraguay,2018-10-31
371,jja29_vv,jja29,jja,vv,Paraguay,2018-10-31
372,jja30_vh,jja30,jja,vh,Paraguay,2018-10-31
373,jja30_vv,jja30,jja,vv,Paraguay,2018-10-31
374,jja31_vh,jja31,jja,vh,Paraguay,2018-10-31
375,jja31_vv,jja31,jja,vv,Paraguay,2018-10-31
376,jja32_vh,jja32,jja,vh,Paraguay,2018-10-31
377,jja32_vv,jja32,jja,vv,Paraguay,2018-10-31
378,jja33_vh,jja33,jja,vh,Paraguay,2018-10-31
379,jja33_vv,jja33,jja,vv,Paraguay,2018-10-31
380,jja34_vh,jja34,jja,vh,Paraguay,2018-10-31
381,jja34_vv,jja34,jja,vv,Paraguay,2018-10-31
382,jja35_vh,jja35,jja,vh,Paraguay,2018-10-31
383,jja35_vv,jja35,jja,vv,Paraguay,2018-10-31
384,jja36_vh,jja36,jja,vh,Paraguay,2018-10-31
385,jja36_vv,jja36,jja,vv,Paraguay,2018-10-31
386,jja37_vh,jja37,jja,vh,Paraguay,2018-10-31
387,jja37_vv,jja37,jja,vv,Paraguay,2018-10-31
388,jja38_vh,jja38,jja,vh,Paraguay,2018-10-31
389,jja38_vv,jja38,jja,vv,Paraguay,2018-10-31
390,jja39_vh,jja39,jja,vh,Paraguay,2018-10-31
391,jja39_vv,jja39,jja,vv,Paraguay,2018-10-31
392,jja40_vh,jja40,jja,vh,Paraguay,2018-10-31
393,jja40_vv,jja40,jja,vv,Paraguay,2018-10-31
394,jja41_vh,jja41,jja,vh,Paraguay,2018-10-31
395,jja41_vv,jja41,jja,vv,Paraguay,2018-10-31
396,jja42_vh,jja42,jja,vh,Paraguay,2018-10-31
397,jja42_vv,jja42,jja,vv,Paraguay,2018-10-31
398,jja43_vh,jja43,jja,vh,Paraguay,2018-10-31
399,jja43_vv,jja43,jja,vv,Paraguay,2018-10-31
400,jja44_vh,jja44,jja,vh,Paraguay,2018-10-31
401,jja44_vv,jja44,jja,vv,Paraguay,2018-10-31
402,jja45_vh,jja45,jja,vh,Paraguay,2018-10-31
403,jja45_vv,jja45,jja,vv,Paraguay,2018-10-31
404,jja46_vh,jja46,jja,vh,Paraguay,2018-10-31
405,jja46_vv,jja46,jja,vv,Paraguay,2018-10-31
406,jja47_vh,jja47,jja,vh,Paraguay,2018-10-31
407,jja47_vv,jja47,jja,vv,Paraguay,2018-10-31
408,jja48_vh,jja48,jja,vh,Paraguay,2018-10-31
409,jja48_vv,jja48,jja,vv,Paraguay,2018-10-31
410,jja49_vh,jja49,jja,vh,Paraguay,2018-10-31
411,jja49_vv,jja49,jja,vv,Paraguay,2018-10-31
412,jja50_vh,jja50,jja,vh,Paraguay,2018-10-31
413,jja50_vv,jja50,jja,vv,Paraguay,2018-10-31
414,jja51_vh,jja51,jja,vh,Paraguay,2018-10-31
415,jja51_vv,jja51,jja,vv,Paraguay,2018-10-31
416,jja52_vh,jja52,jja,vh,Paraguay,2018-10-31
417,jja52_vv,jja52,jja,vv,Paraguay,2018-10-31
418,jja53_vh,jja53,jja,vh,Paraguay,2018-10-31
419,jja53_vv,jja53,jja,vv,Paraguay,2018-10-31
420,jja54_vh,jja54,jja,vh,Paraguay,2018-10-31
421,jja54_vv,jja54,jja,vv,Paraguay,2018-10-31
422,jja55_vh,jja55,jja,vh,Paraguay,2018-10-31
423,jja55_vv,jja55,jja,vv,Paraguay,2018-10-31
424,jja56_vh,jja56,jja,vh,Paraguay,2018-10-31
425,jja56_vv,jja56,jja,vv,Paraguay,2018-10-31
426,jja57_vh,jja57,jja,vh,Paraguay,2018-10-31
427,jja57_vv,jja57,jja,vv,Paraguay,2018-10-31
428,jja58_vh,jja58,jja,vh,Paraguay,2018-10-31
429,jja58_vv,jja58,jja,vv,Paraguay,2018-10-31
430,jja59_vh,jja59,jja,vh,Paraguay,2018-10-31
431,jja59_vv,jja59,jja,vv,Paraguay,2018-10-31
432,jja60_vh,jja60,jja,vh,Paraguay,2018-10-31
433,jja60_vv,jja60,jja,vv,Paraguay,2018-10-31
434,jja61_vh,jja61,jja,vh,Paraguay,2018-10-31
435,jja61_vv,jja61,jja,vv,Paraguay,2018-10-31
436,jja62_vh,jja62,jja,vh,Paraguay,2018-10-31
437,jja62_vv,jja62,jja,vv,Paraguay,2018-10-31
438,jja63_vh,jja63,jja,vh,Paraguay,2018-10-31
439,jja63_vv,jja63,jja,vv,Paraguay,2018-10-31
440,jja64_vh,jja64,jja,vh,Paraguay,2018-10-31
441,jja64_vv,jja64,jja,vv,Paraguay,2018-10-31
442,jja65_vh,jja65,jja,vh,Paraguay,2018-10-31
443,jja65_vv,jja65,jja,vv,Paraguay,2018-10-31
444,kuo00_vh,kuo00,kuo,vh,Slovakia,2020-10-20
445,kuo00_vv,kuo00,kuo,vv,Slovakia,2020-10-20
446,kuo01_vh,kuo01,kuo,vh,Slovakia,2020-10-20
447,kuo01_vv,kuo01,kuo,vv,Slovakia,2020-10-20
448,kuo02_vh,kuo02,kuo,vh,Slovakia,2020-10-20
449,kuo02_vv,kuo02,kuo,vv,Slovakia,2020-10-20
450,kuo03_vh,kuo03,kuo,vh,Slovakia,2020-10-20
451,kuo03_vv,kuo03,kuo,vv,Slovakia,2020-10-20
452,kuo04_vh,kuo04,kuo,vh,Slovakia,2020-10-20
453,kuo04_vv,kuo04,kuo,vv,Slovakia,2020-10-20
454,kuo05_vh,kuo05,kuo,vh,Slovakia,2020-10-20
455,kuo05_vv,kuo05,kuo,vv,Slovakia,2020-10-20
456,kuo06_vh,kuo06,kuo,vh,Slovakia,2020-10-20
457,kuo06_vv,kuo06,kuo,vv,Slovakia,2020-10-20
458,kuo07_vh,kuo07,kuo,vh,Slovakia,2020-10-20
459,kuo07_vv,kuo07,kuo,vv,Slovakia,2020-10-20
460,kuo08_vh,kuo08,kuo,vh,Slovakia,2020-10-20
461,kuo08_vv,kuo08,kuo,vv,Slovakia,2020-10-20
462,kuo09_vh,kuo09,kuo,vh,Slovakia,2020-10-20
463,kuo09_vv,kuo09,kuo,vv,Slovakia,2020-10-20
464,kuo10_vh,kuo10,kuo,vh,Slovakia,2020-10-20
465,kuo10_vv,kuo10,kuo,vv,Slovakia,2020-10-20
466,kuo11_vh,kuo11,kuo,vh,Slovakia,2020-10-20
467,kuo11_vv,kuo11,kuo,vv,Slovakia,2020-10-20
468,kuo12_vh,kuo12,kuo,vh,Slovakia,2020-10-20
469,kuo12_vv,kuo12,kuo,vv,Slovakia,2020-10-20
470,kuo13_vh,kuo13,kuo,vh,Slovakia,2020-10-20
471,kuo13_vv,kuo13,kuo,vv,Slovakia,2020-10-20
472,kuo14_vh,kuo14,kuo,vh,Slovakia,2020-10-20
473,kuo14_vv,kuo14,kuo,vv,Slovakia,2020-10-20
474,kuo15_vh,kuo15,kuo,vh,Slovakia,2020-10-20
475,kuo15_vv,kuo15,kuo,vv,Slovakia,2020-10-20
476,kuo16_vh,kuo16,kuo,vh,Slovakia,2020-10-20
477,kuo16_vv,kuo16,kuo,vv,Slovakia,2020-10-20
478,kuo17_vh,kuo17,kuo,vh,Slovakia,2020-10-20
479,kuo17_vv,kuo17,kuo,vv,Slovakia,2020-10-20
480,kuo18_vh,kuo18,kuo,vh,Slovakia,2020-10-20
481,kuo18_vv,kuo18,kuo,vv,Slovakia,2020-10-20
482,kuo19_vh,kuo19,kuo,vh,Slovakia,2020-10-20
483,kuo19_vv,kuo19,kuo,vv,Slovakia,2020-10-20
484,kuo20_vh,kuo20,kuo,vh,Slovakia,2020-10-20
485,kuo20_vv,kuo20,kuo,vv,Slovakia,2020-10-20
486,kuo21_vh,kuo21,kuo,vh,Slovakia,2020-10-20
487,kuo21_vv,kuo21,kuo,vv,Slovakia,2020-10-20
488,kuo22_vh,kuo22,kuo,vh,Slovakia,2020-10-20
489,kuo22_vv,kuo22,kuo,vv,Slovakia,2020-10-20
490,kuo23_vh,kuo23,kuo,vh,Slovakia,2020-10-20
491,kuo23_vv,kuo23,kuo,vv,Slovakia,2020-10-20
492,kuo24_vh,kuo24,kuo,vh,Slovakia,2020-10-20
493,kuo24_vv,kuo24,kuo,vv,Slovakia,2020-10-20
494,kuo25_vh,kuo25,kuo,vh,Slovakia,2020-10-20
495,kuo25_vv,kuo25,kuo,vv,Slovakia,2020-10-20
496,kuo26_vh,kuo26,kuo,vh,Slovakia,2020-10-20
497,kuo26_vv,kuo26,kuo,vv,Slovakia,2020-10-20
498,kuo27_vh,kuo27,kuo,vh,Slovakia,2020-10-20
499,kuo27_vv,kuo27,kuo,vv,Slovakia,2020-10-20
500,kuo28_vh,kuo28,kuo,vh,Slovakia,2020-10-20
501,kuo28_vv,kuo28,kuo,vv,Slovakia,2020-10-20
502,kuo29_vh,kuo29,kuo,vh,Slovakia,2020-10-20
503,kuo29_vv,kuo29,kuo,vv,Slovakia,2020-10-20
504,kuo30_vh,kuo30,kuo,vh,Slovakia,2020-10-20
505,kuo30_vv,kuo30,kuo,vv,Slovakia,2020-10-20
506,kuo31_vh,kuo31,kuo,vh,Slovakia,2020-10-20
507,kuo31_vv,kuo31,kuo,vv,Slovakia,2020-10-20
508,kuo32_vh,kuo32,kuo,vh,Slovakia,2020-10-20
509,kuo32_vv,kuo32,kuo,vv,Slovakia,2020-10-20
510,kuo33_vh,kuo33,kuo,vh,Slovakia,2020-10-20
511,kuo33_vv,kuo33,kuo,vv,Slovakia,2020-10-20
512,kuo34_vh,kuo34,kuo,vh,Slovakia,2020-10-20
513,kuo34_vv,kuo34,kuo,vv,Slovakia,2020-10-20
514,kuo35_vh,kuo35,kuo,vh,Slovakia,2020-10-20
515,kuo35_vv,kuo35,kuo,vv,Slovakia,2020-10-20
516,kuo36_vh,kuo36,kuo,vh,Slovakia,2020-10-20
517,kuo36_vv,kuo36,kuo,vv,Slovakia,2020-10-20
518,kuo37_vh,kuo37,kuo,vh,Slovakia,2020-10-20
519,kuo37_vv,kuo37,kuo,vv,Slovakia,2020-10-20
520,kuo38_vh,kuo38,kuo,vh,Slovakia,2020-10-20
521,kuo38_vv,kuo38,kuo,vv,Slovakia,2020-10-20
522,kuo39_vh,kuo39,kuo,vh,Slovakia,2020-10-20
523,kuo39_vv,kuo39,kuo,vv,Slovakia,2020-10-20
524,kuo40_vh,kuo40,kuo,vh,Slovakia,2020-10-20
525,kuo40_vv,kuo40,kuo,vv,Slovakia,2020-10-20
526,kuo41_vh,kuo41,kuo,vh,Slovakia,2020-10-20
527,kuo41_vv,kuo41,kuo,vv,Slovakia,2020-10-20
528,kuo42_vh,kuo42,kuo,vh,Slovakia,2020-10-20
529,kuo42_vv,kuo42,kuo,vv,Slovakia,2020-10-20
530,kuo43_vh,kuo43,kuo,vh,Slovakia,2020-10-20
531,kuo43_vv,kuo43,kuo,vv,Slovakia,2020-10-20
532,kuo44_vh,kuo44,kuo,vh,Slovakia,2020-10-20
533,kuo44_vv,kuo44,kuo,vv,Slovakia,2020-10-20
534,kuo45_vh,kuo45,kuo,vh,Slovakia,2020-10-20
535,kuo45_vv,kuo45,kuo,vv,Slovakia,2020-10-20
536,kuo46_vh,kuo46,kuo,vh,Slovakia,2020-10-20
537,kuo46_vv,kuo46,kuo,vv,Slovakia,2020-10-20
538,kuo47_vh,kuo47,kuo,vh,Slovakia,2020-10-20
539,kuo47_vv,kuo47,kuo,vv,Slovakia,2020-10-20
540,kuo48_vh,kuo48,kuo,vh,Slovakia,2020-10-20
541,kuo48_vv,kuo48,kuo,vv,Slovakia,2020-10-20
542,kuo49_vh,kuo49,kuo,vh,Slovakia,2020-10-20
543,kuo49_vv,kuo49,kuo,vv,Slovakia,2020-10-20
544,kuo50_vh,kuo50,kuo,vh,Slovakia,2020-10-20
545,kuo50_vv,kuo50,kuo,vv,Slovakia,2020-10-20
546,kuo51_vh,kuo51,kuo,vh,Slovakia,2020-10-20
547,kuo51_vv,kuo51,kuo,vv,Slovakia,2020-10-20
548,kuo52_vh,kuo52,kuo,vh,Slovakia,2020-10-20
549,kuo52_vv,kuo52,kuo,vv,Slovakia,2020-10-20
550,kuo53_vh,kuo53,kuo,vh,Slovakia,2020-10-20
551,kuo53_vv,kuo53,kuo,vv,Slovakia,2020-10-20
552,kuo54_vh,kuo54,kuo,vh,Slovakia,2020-10-20
553,kuo54_vv,kuo54,kuo,vv,Slovakia,2020-10-20
554,kuo55_vh,kuo55,kuo,vh,Slovakia,2020-10-20
555,kuo55_vv,kuo55,kuo,vv,Slovakia,2020-10-20
556,kuo56_vh,kuo56,kuo,vh,Slovakia,2020-10-20
557,kuo56_vv,kuo56,kuo,vv,Slovakia,2020-10-20
558,kuo57_vh,kuo57,kuo,vh,Slovakia,2020-10-20
559,kuo57_vv,kuo57,kuo,vv,Slovakia,2020-10-20
560,kuo58_vh,kuo58,kuo,vh,Slovakia,2020-10-20
561,kuo58_vv,kuo58,kuo,vv,Slovakia,2020-10-20
562,kuo59_vh,kuo59,kuo,vh,Slovakia,2020-10-20
563,kuo59_vv,kuo59,kuo,vv,Slovakia,2020-10-20
564,kuo60_vh,kuo60,kuo,vh,Slovakia,2020-10-20
565,kuo60_vv,kuo60,kuo,vv,Slovakia,2020-10-20
566,kuo61_vh,kuo61,kuo,vh,Slovakia,2020-10-20
567,kuo61_vv,kuo61,kuo,vv,Slovakia,2020-10-20
568,kuo62_vh,kuo62,kuo,vh,Slovakia,2020-10-20
569,kuo62_vv,kuo62,kuo,vv,Slovakia,2020-10-20
570,kuo63_vh,kuo63,kuo,vh,Slovakia,2020-10-20
571,kuo63_vv,kuo63,kuo,vv,Slovakia,2020-10-20
572,kuo64_vh,kuo64,kuo,vh,Slovakia,2020-10-20
573,kuo64_vv,kuo64,kuo,vv,Slovakia,2020-10-20
574,pxs00_vh,pxs00,pxs,vh,India,2016-08-12
575,pxs00_vv,pxs00,pxs,vv,India,2016-08-12
576,pxs01_vh,pxs01,pxs,vh,India,2016-08-12
577,pxs01_vv,pxs01,pxs,vv,India,2016-08-12
578,pxs02_vh,pxs02,pxs,vh,India,2016-08-12
579,pxs02_vv,pxs02,pxs,vv,India,2016-08-12
580,pxs03_vh,pxs03,pxs,vh,India,2016-08-12
581,pxs03_vv,pxs03,pxs,vv,India,2016-08-12
582,pxs04_vh,pxs04,pxs,vh,India,2016-08-12
583,pxs04_vv,pxs04,pxs,vv,India,2016-08-12
584,pxs05_vh,pxs05,pxs,vh,India,2016-08-12
585,pxs05_vv,pxs05,pxs,vv,India,2016-08-12
586,pxs06_vh,pxs06,pxs,vh,India,2016-08-12
587,pxs06_vv,pxs06,pxs,vv,India,2016-08-12
588,pxs07_vh,pxs07,pxs,vh,India,2016-08-12
589,pxs07_vv,pxs07,pxs,vv,India,2016-08-12
590,pxs08_vh,pxs08,pxs,vh,India,2016-08-12
591,pxs08_vv,pxs08,pxs,vv,India,2016-08-12
592,pxs09_vh,pxs09,pxs,vh,India,2016-08-12
593,pxs09_vv,pxs09,pxs,vv,India,2016-08-12
594,pxs10_vh,pxs10,pxs,vh,India,2016-08-12
595,pxs10_vv,pxs10,pxs,vv,India,2016-08-12
596,pxs11_vh,pxs11,pxs,vh,India,2016-08-12
597,pxs11_vv,pxs11,pxs,vv,India,2016-08-12
598,pxs12_vh,pxs12,pxs,vh,India,2016-08-12
599,pxs12_vv,pxs12,pxs,vv,India,2016-08-12
600,pxs13_vh,pxs13,pxs,vh,India,2016-08-12
601,pxs13_vv,pxs13,pxs,vv,India,2016-08-12
602,pxs14_vh,pxs14,pxs,vh,India,2016-08-12
603,pxs14_vv,pxs14,pxs,vv,India,2016-08-12
604,pxs15_vh,pxs15,pxs,vh,India,2016-08-12
605,pxs15_vv,pxs15,pxs,vv,India,2016-08-12
606,pxs16_vh,pxs16,pxs,vh,India,2016-08-12
607,pxs16_vv,pxs16,pxs,vv,India,2016-08-12
608,pxs17_vh,pxs17,pxs,vh,India,2016-08-12
609,pxs17_vv,pxs17,pxs,vv,India,2016-08-12
610,pxs18_vh,pxs18,pxs,vh,India,2016-08-12
611,pxs18_vv,pxs18,pxs,vv,India,2016-08-12
612,pxs19_vh,pxs19,pxs,vh,India,2016-08-12
613,pxs19_vv,pxs19,pxs,vv,India,2016-08-12
614,pxs20_vh,pxs20,pxs,vh,India,2016-08-12
615,pxs20_vv,pxs20,pxs,vv,India,2016-08-12
616,pxs21_vh,pxs21,pxs,vh,India,2016-08-12
617,pxs21_vv,pxs21,pxs,vv,India,2016-08-12
618,pxs22_vh,pxs22,pxs,vh,India,2016-08-12
619,pxs22_vv,pxs22,pxs,vv,India,2016-08-12
620,pxs23_vh,pxs23,pxs,vh,India,2016-08-12
621,pxs23_vv,pxs23,pxs,vv,India,2016-08-12
622,pxs24_vh,pxs24,pxs,vh,India,2016-08-12
623,pxs24_vv,pxs24,pxs,vv,India,2016-08-12
624,pxs25_vh,pxs25,pxs,vh,India,2016-08-12
625,pxs25_vv,pxs25,pxs,vv,India,2016-08-12
626,pxs26_vh,pxs26,pxs,vh,India,2016-08-12
627,pxs26_vv,pxs26,pxs,vv,India,2016-08-12
628,pxs27_vh,pxs27,pxs,vh,India,2016-08-12
629,pxs27_vv,pxs27,pxs,vv,India,2016-08-12
630,pxs28_vh,pxs28,pxs,vh,India,2016-08-12
631,pxs28_vv,pxs28,pxs,vv,India,2016-08-12
632,pxs29_vh,pxs29,pxs,vh,India,2016-08-12
633,pxs29_vv,pxs29,pxs,vv,India,2016-08-12
634,pxs30_vh,pxs30,pxs,vh,India,2016-08-12
635,pxs30_vv,pxs30,pxs,vv,India,2016-08-12
636,pxs31_vh,pxs31,pxs,vh,India,2016-08-12
637,pxs31_vv,pxs31,pxs,vv,India,2016-08-12
638,pxs32_vh,pxs32,pxs,vh,India,2016-08-12
639,pxs32_vv,pxs32,pxs,vv,India,2016-08-12
640,pxs33_vh,pxs33,pxs,vh,India,2016-08-12
641,pxs33_vv,pxs33,pxs,vv,India,2016-08-12
642,pxs34_vh,pxs34,pxs,vh,India,2016-08-12
643,pxs34_vv,pxs34,pxs,vv,India,2016-08-12
644,pxs35_vh,pxs35,pxs,vh,India,2016-08-12
645,pxs35_vv,pxs35,pxs,vv,India,2016-08-12
646,pxs36_vh,pxs36,pxs,vh,India,2016-08-12
647,pxs36_vv,pxs36,pxs,vv,India,2016-08-12
648,pxs37_vh,pxs37,pxs,vh,India,2016-08-12
649,pxs37_vv,pxs37,pxs,vv,India,2016-08-12
650,pxs38_vh,pxs38,pxs,vh,India,2016-08-12
651,pxs38_vv,pxs38,pxs,vv,India,2016-08-12
652,pxs39_vh,pxs39,pxs,vh,India,2016-08-12
653,pxs39_vv,pxs39,pxs,vv,India,2016-08-12
654,pxs40_vh,pxs40,pxs,vh,India,2016-08-12
655,pxs40_vv,pxs40,pxs,vv,India,2016-08-12
656,pxs41_vh,pxs41,pxs,vh,India,2016-08-12
657,pxs41_vv,pxs41,pxs,vv,India,2016-08-12
658,pxs42_vh,pxs42,pxs,vh,India,2016-08-12
659,pxs42_vv,pxs42,pxs,vv,India,2016-08-12
660,pxs43_vh,pxs43,pxs,vh,India,2016-08-12
661,pxs43_vv,pxs43,pxs,vv,India,2016-08-12
662,pxs44_vh,pxs44,pxs,vh,India,2016-08-12
663,pxs44_vv,pxs44,pxs,vv,India,2016-08-12
664,pxs45_vh,pxs45,pxs,vh,India,2016-08-12
665,pxs45_vv,pxs45,pxs,vv,India,2016-08-12
666,pxs46_vh,pxs46,pxs,vh,India,2016-08-12
667,pxs46_vv,pxs46,pxs,vv,India,2016-08-12
668,pxs47_vh,pxs47,pxs,vh,India,2016-08-12
669,pxs47_vv,pxs47,pxs,vv,India,2016-08-12
670,pxs48_vh,pxs48,pxs,vh,India,2016-08-12
671,pxs48_vv,pxs48,pxs,vv,India,2016-08-12
672,pxs49_vh,pxs49,pxs,vh,India,2016-08-12
673,pxs49_vv,pxs49,pxs,vv,India,2016-08-12
674,pxs50_vh,pxs50,pxs,vh,India,2016-08-12
675,pxs50_vv,pxs50,pxs,vv,India,2016-08-12
676,pxs51_vh,pxs51,pxs,vh,India,2016-08-12
677,pxs51_vv,pxs51,pxs,vv,India,2016-08-12
678,pxs52_vh,pxs52,pxs,vh,India,2016-08-12
679,pxs52_vv,pxs52,pxs,vv,India,2016-08-12
680,pxs53_vh,pxs53,pxs,vh,India,2016-08-12
681,pxs53_vv,pxs53,pxs,vv,India,2016-08-12
682,pxs54_vh,pxs54,pxs,vh,India,2016-08-12
683,pxs54_vv,pxs54,pxs,vv,India,2016-08-12
684,pxs55_vh,pxs55,pxs,vh,India,2016-08-12
685,pxs55_vv,pxs55,pxs,vv,India,2016-08-12
686,pxs56_vh,pxs56,pxs,vh,India,2016-08-12
687,pxs56_vv,pxs56,pxs,vv,India,2016-08-12
688,pxs57_vh,pxs57,pxs,vh,India,2016-08-12
689,pxs57_vv,pxs57,pxs,vv,India,2016-08-12
690,pxs58_vh,pxs58,pxs,vh,India,2016-08-12
691,pxs58_vv,pxs58,pxs,vv,India,2016-08-12
692,pxs59_vh,pxs59,pxs,vh,India,2016-08-12
693,pxs59_vv,pxs59,pxs,vv,India,2016-08-12
694,pxs60_vh,pxs60,pxs,vh,India,2016-08-12
695,pxs60_vv,pxs60,pxs,vv,India,2016-08-12
696,pxs61_vh,pxs61,pxs,vh,India,2016-08-12
697,pxs61_vv,pxs61,pxs,vv,India,2016-08-12
698,pxs62_vh,pxs62,pxs,vh,India,2016-08-12
699,pxs62_vv,pxs62,pxs,vv,India,2016-08-12
700,pxs63_vh,pxs63,pxs,vh,India,2016-08-12
701,pxs63_vv,pxs63,pxs,vv,India,2016-08-12
702,pxs64_vh,pxs64,pxs,vh,India,2016-08-12
703,pxs64_vv,pxs64,pxs,vv,India,2016-08-12
704,pxs65_vh,pxs65,pxs,vh,India,2016-08-12
705,pxs65_vv,pxs65,pxs,vv,India,2016-08-12
706,pxs66_vh,pxs66,pxs,vh,India,2016-08-12
707,pxs66_vv,pxs66,pxs,vv,India,2016-08-12
708,pxs67_vh,pxs67,pxs,vh,India,2016-08-12
709,pxs67_vv,pxs67,pxs,vv,India,2016-08-12
710,qus00_vh,qus00,qus,vh,Cambodia,2018-08-05
711,qus00_vv,qus00,qus,vv,Cambodia,2018-08-05
712,qus01_vh,qus01,qus,vh,Cambodia,2018-08-05
713,qus01_vv,qus01,qus,vv,Cambodia,2018-08-05
714,qus02_vh,qus02,qus,vh,Cambodia,2018-08-05
715,qus02_vv,qus02,qus,vv,Cambodia,2018-08-05
716,qus03_vh,qus03,qus,vh,Cambodia,2018-08-05
717,qus03_vv,qus03,qus,vv,Cambodia,2018-08-05
718,qus04_vh,qus04,qus,vh,Cambodia,2018-08-05
719,qus04_vv,qus04,qus,vv,Cambodia,2018-08-05
720,qus05_vh,qus05,qus,vh,Cambodia,2018-08-05
721,qus05_vv,qus05,qus,vv,Cambodia,2018-08-05
722,qus06_vh,qus06,qus,vh,Cambodia,2018-08-05
723,qus06_vv,qus06,qus,vv,Cambodia,2018-08-05
724,qus07_vh,qus07,qus,vh,Cambodia,2018-08-05
725,qus07_vv,qus07,qus,vv,Cambodia,2018-08-05
726,qus08_vh,qus08,qus,vh,Cambodia,2018-08-05
727,qus08_vv,qus08,qus,vv,Cambodia,2018-08-05
728,qus09_vh,qus09,qus,vh,Cambodia,2018-08-05
729,qus09_vv,qus09,qus,vv,Cambodia,2018-08-05
730,qus10_vh,qus10,qus,vh,Cambodia,2018-08-05
731,qus10_vv,qus10,qus,vv,Cambodia,2018-08-05
732,qus11_vh,qus11,qus,vh,Cambodia,2018-08-05
733,qus11_vv,qus11,qus,vv,Cambodia,2018-08-05
734,qus12_vh,qus12,qus,vh,Cambodia,2018-08-05
735,qus12_vv,qus12,qus,vv,Cambodia,2018-08-05
736,qus13_vh,qus13,qus,vh,Cambodia,2018-08-05
737,qus13_vv,qus13,qus,vv,Cambodia,2018-08-05
738,qus14_vh,qus14,qus,vh,Cambodia,2018-08-05
739,qus14_vv,qus14,qus,vv,Cambodia,2018-08-05
740,qus15_vh,qus15,qus,vh,Cambodia,2018-08-05
741,qus15_vv,qus15,qus,vv,Cambodia,2018-08-05
742,qus16_vh,qus16,qus,vh,Cambodia,2018-08-05
743,qus16_vv,qus16,qus,vv,Cambodia,2018-08-05
744,qus17_vh,qus17,qus,vh,Cambodia,2018-08-05
745,qus17_vv,qus17,qus,vv,Cambodia,2018-08-05
746,qus18_vh,qus18,qus,vh,Cambodia,2018-08-05
747,qus18_vv,qus18,qus,vv,Cambodia,2018-08-05
748,qus19_vh,qus19,qus,vh,Cambodia,2018-08-05
749,qus19_vv,qus19,qus,vv,Cambodia,2018-08-05
750,qus20_vh,qus20,qus,vh,Cambodia,2018-08-05
751,qus20_vv,qus20,qus,vv,Cambodia,2018-08-05
752,qus21_vh,qus21,qus,vh,Cambodia,2018-08-05
753,qus21_vv,qus21,qus,vv,Cambodia,2018-08-05
754,qus22_vh,qus22,qus,vh,Cambodia,2018-08-05
755,qus22_vv,qus22,qus,vv,Cambodia,2018-08-05
756,qus23_vh,qus23,qus,vh,Cambodia,2018-08-05
757,qus23_vv,qus23,qus,vv,Cambodia,2018-08-05
758,qus24_vh,qus24,qus,vh,Cambodia,2018-08-05
759,qus24_vv,qus24,qus,vv,Cambodia,2018-08-05
760,qus25_vh,qus25,qus,vh,Cambodia,2018-08-05
761,qus25_vv,qus25,qus,vv,Cambodia,2018-08-05
762,qus26_vh,qus26,qus,vh,Cambodia,2018-08-05
763,qus26_vv,qus26,qus,vv,Cambodia,2018-08-05
764,qus27_vh,qus27,qus,vh,Cambodia,2018-08-05
765,qus27_vv,qus27,qus,vv,Cambodia,2018-08-05
766,qus28_vh,qus28,qus,vh,Cambodia,2018-08-05
767,qus28_vv,qus28,qus,vv,Cambodia,2018-08-05
768,qus29_vh,qus29,qus,vh,Cambodia,2018-08-05
769,qus29_vv,qus29,qus,vv,Cambodia,2018-08-05
770,qxb00_vh,qxb00,qxb,vh,Sri Lanka,2017-05-30
771,qxb00_vv,qxb00,qxb,vv,Sri Lanka,2017-05-30
772,qxb01_vh,qxb01,qxb,vh,Sri Lanka,2017-05-30
773,qxb01_vv,qxb01,qxb,vv,Sri Lanka,2017-05-30
774,qxb02_vh,qxb02,qxb,vh,Sri Lanka,2017-05-30
775,qxb02_vv,qxb02,qxb,vv,Sri Lanka,2017-05-30
776,qxb03_vh,qxb03,qxb,vh,Sri Lanka,2017-05-30
777,qxb03_vv,qxb03,qxb,vv,Sri Lanka,2017-05-30
778,qxb04_vh,qxb04,qxb,vh,Sri Lanka,2017-05-30
779,qxb04_vv,qxb04,qxb,vv,Sri Lanka,2017-05-30
780,qxb05_vh,qxb05,qxb,vh,Sri Lanka,2017-05-30
781,qxb05_vv,qxb05,qxb,vv,Sri Lanka,2017-05-30
782,qxb06_vh,qxb06,qxb,vh,Sri Lanka,2017-05-30
783,qxb06_vv,qxb06,qxb,vv,Sri Lanka,2017-05-30
784,qxb07_vh,qxb07,qxb,vh,Sri Lanka,2017-05-30
785,qxb07_vv,qxb07,qxb,vv,Sri Lanka,2017-05-30
786,qxb08_vh,qxb08,qxb,vh,Sri Lanka,2017-05-30
787,qxb08_vv,qxb08,qxb,vv,Sri Lanka,2017-05-30
788,qxb09_vh,qxb09,qxb,vh,Sri Lanka,2017-05-30
789,qxb09_vv,qxb09,qxb,vv,Sri Lanka,2017-05-30
790,qxb10_vh,qxb10,qxb,vh,Sri Lanka,2017-05-30
791,qxb10_vv,qxb10,qxb,vv,Sri Lanka,2017-05-30
792,qxb11_vh,qxb11,qxb,vh,Sri Lanka,2017-05-30
793,qxb11_vv,qxb11,qxb,vv,Sri Lanka,2017-05-30
794,qxb12_vh,qxb12,qxb,vh,Sri Lanka,2017-05-30
795,qxb12_vv,qxb12,qxb,vv,Sri Lanka,2017-05-30
796,qxb13_vh,qxb13,qxb,vh,Sri Lanka,2017-05-30
797,qxb13_vv,qxb13,qxb,vv,Sri Lanka,2017-05-30
798,qxb14_vh,qxb14,qxb,vh,Sri Lanka,2017-05-30
799,qxb14_vv,qxb14,qxb,vv,Sri Lanka,2017-05-30
800,qxb15_vh,qxb15,qxb,vh,Sri Lanka,2017-05-30
801,qxb15_vv,qxb15,qxb,vv,Sri Lanka,2017-05-30
802,qxb16_vh,qxb16,qxb,vh,Sri Lanka,2017-05-30
803,qxb16_vv,qxb16,qxb,vv,Sri Lanka,2017-05-30
804,qxb17_vh,qxb17,qxb,vh,Sri Lanka,2017-05-30
805,qxb17_vv,qxb17,qxb,vv,Sri Lanka,2017-05-30
806,qxb18_vh,qxb18,qxb,vh,Sri Lanka,2017-05-30
807,qxb18_vv,qxb18,qxb,vv,Sri Lanka,2017-05-30
808,qxb19_vh,qxb19,qxb,vh,Sri Lanka,2017-05-30
809,qxb19_vv,qxb19,qxb,vv,Sri Lanka,2017-05-30
810,qxb20_vh,qxb20,qxb,vh,Sri Lanka,2017-05-30
811,qxb20_vv,qxb20,qxb,vv,Sri Lanka,2017-05-30
812,qxb21_vh,qxb21,qxb,vh,Sri Lanka,2017-05-30
813,qxb21_vv,qxb21,qxb,vv,Sri Lanka,2017-05-30
814,qxb22_vh,qxb22,qxb,vh,Sri Lanka,2017-05-30
815,qxb22_vv,qxb22,qxb,vv,Sri Lanka,2017-05-30
816,qxb23_vh,qxb23,qxb,vh,Sri Lanka,2017-05-30
817,qxb23_vv,qxb23,qxb,vv,Sri Lanka,2017-05-30
818,qxb24_vh,qxb24,qxb,vh,Sri Lanka,2017-05-30
819,qxb24_vv,qxb24,qxb,vv,Sri Lanka,2017-05-30
820,qxb25_vh,qxb25,qxb,vh,Sri Lanka,2017-05-30
821,qxb25_vv,qxb25,qxb,vv,Sri Lanka,2017-05-30
822,qxb26_vh,qxb26,qxb,vh,Sri Lanka,2017-05-30
823,qxb26_vv,qxb26,qxb,vv,Sri Lanka,2017-05-30
824,qxb27_vh,qxb27,qxb,vh,Sri Lanka,2017-05-30
825,qxb27_vv,qxb27,qxb,vv,Sri Lanka,2017-05-30
826,qxb28_vh,qxb28,qxb,vh,Sri Lanka,2017-05-30
827,qxb28_vv,qxb28,qxb,vv,Sri Lanka,2017-05-30
828,qxb29_vh,qxb29,qxb,vh,Sri Lanka,2017-05-30
829,qxb29_vv,qxb29,qxb,vv,Sri Lanka,2017-05-30
830,qxb30_vh,qxb30,qxb,vh,Sri Lanka,2017-05-30
831,qxb30_vv,qxb30,qxb,vv,Sri Lanka,2017-05-30
832,qxb31_vh,qxb31,qxb,vh,Sri Lanka,2017-05-30
833,qxb31_vv,qxb31,qxb,vv,Sri Lanka,2017-05-30
834,qxb32_vh,qxb32,qxb,vh,Sri Lanka,2017-05-30
835,qxb32_vv,qxb32,qxb,vv,Sri Lanka,2017-05-30
836,qxb33_vh,qxb33,qxb,vh,Sri Lanka,2017-05-30
837,qxb33_vv,qxb33,qxb,vv,Sri Lanka,2017-05-30
838,qxb34_vh,qxb34,qxb,vh,Sri Lanka,2017-05-30
839,qxb34_vv,qxb34,qxb,vv,Sri Lanka,2017-05-30
840,qxb35_vh,qxb35,qxb,vh,Sri Lanka,2017-05-30
841,qxb35_vv,qxb35,qxb,vv,Sri Lanka,2017-05-30
842,qxb36_vh,qxb36,qxb,vh,Sri Lanka,2017-05-30
843,qxb36_vv,qxb36,qxb,vv,Sri Lanka,2017-05-30
844,qxb37_vh,qxb37,qxb,vh,Sri Lanka,2017-05-30
845,qxb37_vv,qxb37,qxb,vv,Sri Lanka,2017-05-30
846,qxb38_vh,qxb38,qxb,vh,Sri Lanka,2017-05-30
847,qxb38_vv,qxb38,qxb,vv,Sri Lanka,2017-05-30
848,qxb39_vh,qxb39,qxb,vh,Sri Lanka,2017-05-30
849,qxb39_vv,qxb39,qxb,vv,Sri Lanka,2017-05-30
850,qxb40_vh,qxb40,qxb,vh,Sri Lanka,2017-05-30
851,qxb40_vv,qxb40,qxb,vv,Sri Lanka,2017-05-30
852,qxb41_vh,qxb41,qxb,vh,Sri Lanka,2017-05-30
853,qxb41_vv,qxb41,qxb,vv,Sri Lanka,2017-05-30
854,tht00_vh,tht00,tht,vh,Spain,2019-09-17
855,tht00_vv,tht00,tht,vv,Spain,2019-09-17
856,tht01_vh,tht01,tht,vh,Spain,2019-09-17
857,tht01_vv,tht01,tht,vv,Spain,2019-09-17
858,tht02_vh,tht02,tht,vh,Spain,2019-09-17
859,tht02_vv,tht02,tht,vv,Spain,2019-09-17
860,tht03_vh,tht03,tht,vh,Spain,2019-09-17
861,tht03_vv,tht03,tht,vv,Spain,2019-09-17
862,tht04_vh,tht04,tht,vh,Spain,2019-09-17
863,tht04_vv,tht04,tht,vv,Spain,2019-09-17
864,tht05_vh,tht05,tht,vh,Spain,2019-09-17
865,tht05_vv,tht05,tht,vv,Spain,2019-09-17
866,tht06_vh,tht06,tht,vh,Spain,2019-09-17
867,tht06_vv,tht06,tht,vv,Spain,2019-09-17
868,tht07_vh,tht07,tht,vh,Spain,2019-09-17
869,tht07_vv,tht07,tht,vv,Spain,2019-09-17
870,tht08_vh,tht08,tht,vh,Spain,2019-09-17
871,tht08_vv,tht08,tht,vv,Spain,2019-09-17
872,tht09_vh,tht09,tht,vh,Spain,2019-09-17
873,tht09_vv,tht09,tht,vv,Spain,2019-09-17
874,tht10_vh,tht10,tht,vh,Spain,2019-09-17
875,tht10_vv,tht10,tht,vv,Spain,2019-09-17
876,tht11_vh,tht11,tht,vh,Spain,2019-09-17
877,tht11_vv,tht11,tht,vv,Spain,2019-09-17
878,tht12_vh,tht12,tht,vh,Spain,2019-09-17
879,tht12_vv,tht12,tht,vv,Spain,2019-09-17
880,tht13_vh,tht13,tht,vh,Spain,2019-09-17
881,tht13_vv,tht13,tht,vv,Spain,2019-09-17
882,tht14_vh,tht14,tht,vh,Spain,2019-09-17
883,tht14_vv,tht14,tht,vv,Spain,2019-09-17
884,tht15_vh,tht15,tht,vh,Spain,2019-09-17
885,tht15_vv,tht15,tht,vv,Spain,2019-09-17
886,tht16_vh,tht16,tht,vh,Spain,2019-09-17
887,tht16_vv,tht16,tht,vv,Spain,2019-09-17
888,tht17_vh,tht17,tht,vh,Spain,2019-09-17
889,tht17_vv,tht17,tht,vv,Spain,2019-09-17
890,tht18_vh,tht18,tht,vh,Spain,2019-09-17
891,tht18_vv,tht18,tht,vv,Spain,2019-09-17
892,tht19_vh,tht19,tht,vh,Spain,2019-09-17
893,tht19_vv,tht19,tht,vv,Spain,2019-09-17
894,tht20_vh,tht20,tht,vh,Spain,2019-09-17
895,tht20_vv,tht20,tht,vv,Spain,2019-09-17
896,tht21_vh,tht21,tht,vh,Spain,2019-09-17
897,tht21_vv,tht21,tht,vv,Spain,2019-09-17
898,tht22_vh,tht22,tht,vh,Spain,2019-09-17
899,tht22_vv,tht22,tht,vv,Spain,2019-09-17
900,tht23_vh,tht23,tht,vh,Spain,2019-09-17
901,tht23_vv,tht23,tht,vv,Spain,2019-09-17
902,tht24_vh,tht24,tht,vh,Spain,2019-09-17
903,tht24_vv,tht24,tht,vv,Spain,2019-09-17
904,tht25_vh,tht25,tht,vh,Spain,2019-09-17
905,tht25_vv,tht25,tht,vv,Spain,2019-09-17
906,tht26_vh,tht26,tht,vh,Spain,2019-09-17
907,tht26_vv,tht26,tht,vv,Spain,2019-09-17
908,tht27_vh,tht27,tht,vh,Spain,2019-09-17
909,tht27_vv,tht27,tht,vv,Spain,2019-09-17
910,tht28_vh,tht28,tht,vh,Spain,2019-09-17
911,tht28_vv,tht28,tht,vv,Spain,2019-09-17
912,tht29_vh,tht29,tht,vh,Spain,2019-09-17
913,tht29_vv,tht29,tht,vv,Spain,2019-09-17
914,tnp00_vh,tnp00,tnp,vh,Ghana,2018-09-18
915,tnp00_vv,tnp00,tnp,vv,Ghana,2018-09-18
916,tnp01_vh,tnp01,tnp,vh,Ghana,2018-09-18
917,tnp01_vv,tnp01,tnp,vv,Ghana,2018-09-18
918,tnp02_vh,tnp02,tnp,vh,Ghana,2018-09-18
919,tnp02_vv,tnp02,tnp,vv,Ghana,2018-09-18
920,tnp03_vh,tnp03,tnp,vh,Ghana,2018-09-18
921,tnp03_vv,tnp03,tnp,vv,Ghana,2018-09-18
922,tnp04_vh,tnp04,tnp,vh,Ghana,2018-09-18
923,tnp04_vv,tnp04,tnp,vv,Ghana,2018-09-18
924,tnp05_vh,tnp05,tnp,vh,Ghana,2018-09-18
925,tnp05_vv,tnp05,tnp,vv,Ghana,2018-09-18
926,tnp06_vh,tnp06,tnp,vh,Ghana,2018-09-18
927,tnp06_vv,tnp06,tnp,vv,Ghana,2018-09-18
928,tnp07_vh,tnp07,tnp,vh,Ghana,2018-09-18
929,tnp07_vv,tnp07,tnp,vv,Ghana,2018-09-18
930,tnp08_vh,tnp08,tnp,vh,Ghana,2018-09-18
931,tnp08_vv,tnp08,tnp,vv,Ghana,2018-09-18
932,tnp09_vh,tnp09,tnp,vh,Ghana,2018-09-18
933,tnp09_vv,tnp09,tnp,vv,Ghana,2018-09-18
934,tnp10_vh,tnp10,tnp,vh,Ghana,2018-09-18
935,tnp10_vv,tnp10,tnp,vv,Ghana,2018-09-18
936,tnp11_vh,tnp11,tnp,vh,Ghana,2018-09-18
937,tnp11_vv,tnp11,tnp,vv,Ghana,2018-09-18
938,tnp12_vh,tnp12,tnp,vh,Ghana,2018-09-18
939,tnp12_vv,tnp12,tnp,vv,Ghana,2018-09-18
940,tnp13_vh,tnp13,tnp,vh,Ghana,2018-09-18
941,tnp13_vv,tnp13,tnp,vv,Ghana,2018-09-18
942,tnp14_vh,tnp14,tnp,vh,Ghana,2018-09-18
943,tnp14_vv,tnp14,tnp,vv,Ghana,2018-09-18
944,tnp15_vh,tnp15,tnp,vh,Ghana,2018-09-18
945,tnp15_vv,tnp15,tnp,vv,Ghana,2018-09-18
946,tnp16_vh,tnp16,tnp,vh,Ghana,2018-09-18
947,tnp16_vv,tnp16,tnp,vv,Ghana,2018-09-18
948,tnp17_vh,tnp17,tnp,vh,Ghana,2018-09-18
949,tnp17_vv,tnp17,tnp,vv,Ghana,2018-09-18
950,tnp18_vh,tnp18,tnp,vh,Ghana,2018-09-18
951,tnp18_vv,tnp18,tnp,vv,Ghana,2018-09-18
952,tnp19_vh,tnp19,tnp,vh,Ghana,2018-09-18
953,tnp19_vv,tnp19,tnp,vv,Ghana,2018-09-18
954,tnp20_vh,tnp20,tnp,vh,Ghana,2018-09-18
955,tnp20_vv,tnp20,tnp,vv,Ghana,2018-09-18
956,tnp21_vh,tnp21,tnp,vh,Ghana,2018-09-18
957,tnp21_vv,tnp21,tnp,vv,Ghana,2018-09-18
958,tnp22_vh,tnp22,tnp,vh,Ghana,2018-09-18
959,tnp22_vv,tnp22,tnp,vv,Ghana,2018-09-18
960,tnp23_vh,tnp23,tnp,vh,Ghana,2018-09-18
961,tnp23_vv,tnp23,tnp,vv,Ghana,2018-09-18
962,tnp24_vh,tnp24,tnp,vh,Ghana,2018-09-18
963,tnp24_vv,tnp24,tnp,vv,Ghana,2018-09-18
964,tnp25_vh,tnp25,tnp,vh,Ghana,2018-09-18
965,tnp25_vv,tnp25,tnp,vv,Ghana,2018-09-18
966,tnp26_vh,tnp26,tnp,vh,Ghana,2018-09-18
967,tnp26_vv,tnp26,tnp,vv,Ghana,2018-09-18
968,tnp27_vh,tnp27,tnp,vh,Ghana,2018-09-18
969,tnp27_vv,tnp27,tnp,vv,Ghana,2018-09-18
970,tnp28_vh,tnp28,tnp,vh,Ghana,2018-09-18
971,tnp28_vv,tnp28,tnp,vv,Ghana,2018-09-18
972,tnp29_vh,tnp29,tnp,vh,Ghana,2018-09-18
973,tnp29_vv,tnp29,tnp,vv,Ghana,2018-09-18
974,tnp30_vh,tnp30,tnp,vh,Ghana,2018-09-18
975,tnp30_vv,tnp30,tnp,vv,Ghana,2018-09-18
976,tnp31_vh,tnp31,tnp,vh,Ghana,2018-09-18
977,tnp31_vv,tnp31,tnp,vv,Ghana,2018-09-18
978,tnp32_vh,tnp32,tnp,vh,Ghana,2018-09-18
979,tnp32_vv,tnp32,tnp,vv,Ghana,2018-09-18
980,tnp33_vh,tnp33,tnp,vh,Ghana,2018-09-18
981,tnp33_vv,tnp33,tnp,vv,Ghana,2018-09-18
982,tnp34_vh,tnp34,tnp,vh,Ghana,2018-09-18
983,tnp34_vv,tnp34,tnp,vv,Ghana,2018-09-18
984,tnp35_vh,tnp35,tnp,vh,Ghana,2018-09-18
985,tnp35_vv,tnp35,tnp,vv,Ghana,2018-09-18
986,tnp36_vh,tnp36,tnp,vh,Ghana,2018-09-18
987,tnp36_vv,tnp36,tnp,vv,Ghana,2018-09-18
988,tnp37_vh,tnp37,tnp,vh,Ghana,2018-09-18
989,tnp37_vv,tnp37,tnp,vv,Ghana,2018-09-18
990,tnp38_vh,tnp38,tnp,vh,Ghana,2018-09-18
991,tnp38_vv,tnp38,tnp,vv,Ghana,2018-09-18
992,tnp39_vh,tnp39,tnp,vh,Ghana,2018-09-18
993,tnp39_vv,tnp39,tnp,vv,Ghana,2018-09-18
994,tnp40_vh,tnp40,tnp,vh,Ghana,2018-09-18
995,tnp40_vv,tnp40,tnp,vv,Ghana,2018-09-18
996,tnp41_vh,tnp41,tnp,vh,Ghana,2018-09-18
997,tnp41_vv,tnp41,tnp,vv,Ghana,2018-09-18
998,tnp42_vh,tnp42,tnp,vh,Ghana,2018-09-18
999,tnp42_vv,tnp42,tnp,vv,Ghana,2018-09-18
1000,tnp43_vh,tnp43,tnp,vh,Ghana,2018-09-18
1001,tnp43_vv,tnp43,tnp,vv,Ghana,2018-09-18
1002,tnp44_vh,tnp44,tnp,vh,Ghana,2018-09-18
1003,tnp44_vv,tnp44,tnp,vv,Ghana,2018-09-18
1004,tnp45_vh,tnp45,tnp,vh,Ghana,2018-09-18
1005,tnp45_vv,tnp45,tnp,vv,Ghana,2018-09-18
1006,tnp46_vh,tnp46,tnp,vh,Ghana,2018-09-18
1007,tnp46_vv,tnp46,tnp,vv,Ghana,2018-09-18
1008,tnp47_vh,tnp47,tnp,vh,Ghana,2018-09-18
1009,tnp47_vv,tnp47,tnp,vv,Ghana,2018-09-18
1010,tnp48_vh,tnp48,tnp,vh,Ghana,2018-09-18
1011,tnp48_vv,tnp48,tnp,vv,Ghana,2018-09-18
1012,tnp49_vh,tnp49,tnp,vh,Ghana,2018-09-18
1013,tnp49_vv,tnp49,tnp,vv,Ghana,2018-09-18
1014,tnp50_vh,tnp50,tnp,vh,Ghana,2018-09-18
1015,tnp50_vv,tnp50,tnp,vv,Ghana,2018-09-18
1016,tnp51_vh,tnp51,tnp,vh,Ghana,2018-09-18
1017,tnp51_vv,tnp51,tnp,vv,Ghana,2018-09-18
1018,tnp52_vh,tnp52,tnp,vh,Ghana,2018-09-18
1019,tnp52_vv,tnp52,tnp,vv,Ghana,2018-09-18
1020,wvy00_vh,wvy00,wvy,vh,UK,2019-02-15
1021,wvy00_vv,wvy00,wvy,vv,UK,2019-02-15
1022,wvy01_vh,wvy01,wvy,vh,UK,2019-02-15
1023,wvy01_vv,wvy01,wvy,vv,UK,2019-02-15
1024,wvy02_vh,wvy02,wvy,vh,UK,2019-02-15
1025,wvy02_vv,wvy02,wvy,vv,UK,2019-02-15
1026,wvy03_vh,wvy03,wvy,vh,UK,2019-02-15
1027,wvy03_vv,wvy03,wvy,vv,UK,2019-02-15
1028,wvy04_vh,wvy04,wvy,vh,UK,2019-02-15
1029,wvy04_vv,wvy04,wvy,vv,UK,2019-02-15
1030,wvy05_vh,wvy05,wvy,vh,UK,2019-02-15
1031,wvy05_vv,wvy05,wvy,vv,UK,2019-02-15
1032,wvy06_vh,wvy06,wvy,vh,UK,2019-02-15
1033,wvy06_vv,wvy06,wvy,vv,UK,2019-02-15
1034,wvy07_vh,wvy07,wvy,vh,UK,2019-02-15
1035,wvy07_vv,wvy07,wvy,vv,UK,2019-02-15
1036,wvy08_vh,wvy08,wvy,vh,UK,2019-02-15
1037,wvy08_vv,wvy08,wvy,vv,UK,2019-02-15
1038,wvy09_vh,wvy09,wvy,vh,UK,2019-02-15
1039,wvy09_vv,wvy09,wvy,vv,UK,2019-02-15
1040,wvy10_vh,wvy10,wvy,vh,UK,2019-02-15
1041,wvy10_vv,wvy10,wvy,vv,UK,2019-02-15
1042,wvy11_vh,wvy11,wvy,vh,UK,2019-02-15
1043,wvy11_vv,wvy11,wvy,vv,UK,2019-02-15
1044,wvy12_vh,wvy12,wvy,vh,UK,2019-02-15
1045,wvy12_vv,wvy12,wvy,vv,UK,2019-02-15
1046,wvy13_vh,wvy13,wvy,vh,UK,2019-02-15
1047,wvy13_vv,wvy13,wvy,vv,UK,2019-02-15
1048,wvy14_vh,wvy14,wvy,vh,UK,2019-02-15
1049,wvy14_vv,wvy14,wvy,vv,UK,2019-02-15
1050,wvy15_vh,wvy15,wvy,vh,UK,2019-02-15
1051,wvy15_vv,wvy15,wvy,vv,UK,2019-02-15
1052,wvy16_vh,wvy16,wvy,vh,UK,2019-02-15
1053,wvy16_vv,wvy16,wvy,vv,UK,2019-02-15
1054,wvy17_vh,wvy17,wvy,vh,UK,2019-02-15
1055,wvy17_vv,wvy17,wvy,vv,UK,2019-02-15
1056,wvy18_vh,wvy18,wvy,vh,UK,2019-02-15
1057,wvy18_vv,wvy18,wvy,vv,UK,2019-02-15
1058,wvy19_vh,wvy19,wvy,vh,UK,2019-02-15
1059,wvy19_vv,wvy19,wvy,vv,UK,2019-02-15
1060,wvy20_vh,wvy20,wvy,vh,UK,2019-02-15
1061,wvy20_vv,wvy20,wvy,vv,UK,2019-02-15
1062,wvy21_vh,wvy21,wvy,vh,UK,2019-02-15
1063,wvy21_vv,wvy21,wvy,vv,UK,2019-02-15
1064,wvy22_vh,wvy22,wvy,vh,UK,2019-02-15
1065,wvy22_vv,wvy22,wvy,vv,UK,2019-02-15
1066,wvy23_vh,wvy23,wvy,vh,UK,2019-02-15
1067,wvy23_vv,wvy23,wvy,vv,UK,2019-02-15
1068,wvy24_vh,wvy24,wvy,vh,UK,2019-02-15
1069,wvy24_vv,wvy24,wvy,vv,UK,2019-02-15
1070,wvy25_vh,wvy25,wvy,vh,UK,2019-02-15
1071,wvy25_vv,wvy25,wvy,vv,UK,2019-02-15
1072,wvy26_vh,wvy26,wvy,vh,UK,2019-02-15
1073,wvy26_vv,wvy26,wvy,vv,UK,2019-02-15
1074,wvy27_vh,wvy27,wvy,vh,UK,2019-02-15
1075,wvy27_vv,wvy27,wvy,vv,UK,2019-02-15
1076,wvy28_vh,wvy28,wvy,vh,UK,2019-02-15
1077,wvy28_vv,wvy28,wvy,vv,UK,2019-02-15
1078,wvy29_vh,wvy29,wvy,vh,UK,2019-02-15
1079,wvy29_vv,wvy29,wvy,vv,UK,2019-02-15
1080,wvy30_vh,wvy30,wvy,vh,UK,2019-02-15
1081,wvy30_vv,wvy30,wvy,vv,UK,2019-02-15
1082,wvy31_vh,wvy31,wvy,vh,UK,2019-02-15
1083,wvy31_vv,wvy31,wvy,vv,UK,2019-02-15
